	5gram	freq	pmi
0	о_pr а_s а_s т_s о_s	39	33.84445808520215
1	линейный_a зависимость_s в_pr линейный_a пространство_s	30	24.71848436720471
2	линия_s второй_a порядок_s на_pr плоскость_s	25	27.910523390178962
3	глава_s линейный_a зависимость_s в_pr линейный_a	23	26.654736067684144
4	вектор_s линейный_a операция_s с_pr он	22	25.330636013741007
5	о_s а_s а_s т_s о_s	21	34.27125355535716
6	л_sв_pr вектор_s линейный_a операция_s с_pr	21	27.752744658167472
7	доказать_partcp аналитический_a геометрия_s линейный_a алгебра_s	21	29.288044611801926
8	о_pr а_s а_s т_s о_pr	20	31.56110369498876
9	система_s линейный_a уравнение_s с_pr неизвестный_a	19	24.009725424697727
10	нелинейный_a зависимость_s в_pr линейный_a пространство_s	17	28.735416432939548
11	теорема_s доказать_partcp аналитический_a геометрия_s линейный_a	15	27.57214584597482
12	вид_s аналитический_a геометрия_s линейный_a алгебра_s	15	27.198059803835292
13	нелинейный_a объект_s на_pr плоскость_s в_pr	15	28.233137529559972
14	объект_s на_pr плоскость_s в_pr пространство_s	15	24.643468026161287
15	алгоритм_s евклид_s основной_a теорема_s арифметика_s	14	37.7582488407261
16	переход_s от_pr базис_s к_pr базис_s	14	27.820698815220887
17	что_conj аналитический_a геометрия_s линейный_a алгебра_s	14	25.252420702071205
18	в_pr нелинейный_a объект_s на_pr плоскость_s	14	28.133601856009058
19	л_sв_pr прикладной_a задача_s линейный_a алгебра_s	14	32.19779055869142
20	в_pr нелинейный_a зависимость_s в_pr линейный_a	13	25.64831512409077
21	мочь_v быть_v записать_partcp в виде_pr	12	31.766490233190623
22	о_s а_s а_s т_s о_pr	12	32.14401836706106
23	свойство_s линия_s второй_a порядок_s на_pr	12	27.357783361005872
24	аналитический_a геометрия_s линейный_a алгебра_s поскольку_conj	11	27.84874695536088
25	аналитический_a геометрия_s линейный_a алгебра_s определение_s	11	26.42721374478927
26	р_s свойство_s линия_s второй_a порядок_s	11	32.320459552864065
27	школа_s в_pr математика_s арифметика_s алгебра_sк_pr	10	38.73089192087026
28	в_pr математика_s арифметика_s алгебра_sк_pr журнал_s	10	38.91851892404603
29	а_s а_s т_s о_pr пусть_part	10	29.78213057430098
30	о_intj а_s а_s т_s о_s	10	34.252952738614226
31	определить_partcp в_pr некоторый_a окрестность_s точка_s	10	27.351907890771198
32	аналитический_a геометрия_s линейный_a алгебра_s в_pr	10	23.862812566550428
33	аналитический_a геометрия_s линейный_a алгебра_s теорема_s	10	25.925628674737027
34	тогда_adv только_part тогда_adv когда_conj он	9	28.521879304278965
35	функция_s определить_partcp в_pr некоторый_a окрестность_s	9	27.350110419688797
36	аналитический_a геометрия_s линейный_a алгебра_s доказательство_s	9	27.453813983752923
37	переход_s от_pr один_a ортонормированный_a базис_s	9	29.257455928512886
38	доказать_v что_conj для_pr любой_a натуральный_a	8	24.3698816137348
39	γ_γ γ_γ γ_γ γ_γ γ_γ	8	38.293582641968776
40	π_π π_π π_π π_π π_π	8	35.71350690695046
41	глава_s глава_s глава_s глава_s глава_s	8	36.8002910641462
42	в качестве_pr пример_s решить_v уравнение_s	8	30.024015092392347
43	пусть_part функция_s определить_partcp в_pr некоторый_a	8	24.62828120610462
44	а_s а_s т_s о_s по_pr	8	30.101115405500355
45	аналитический_a геометрия_s линейный_a алгебра_s где_adv	8	26.46139835113556
46	равенство_s аналитический_a геометрия_s линейный_a алгебра_s	8	26.34318616599439
47	аналитический_a геометрия_s линейный_a алгебра_s замечание_s	8	29.45866338341432
48	мочь_v быть_v представить_partcp в виде_pr	7	31.41772595333094
49	доказать_v что_conj многочлен_s делиться_v на_pr	7	23.705811178138617
50	расстояние_s от_pr точка_s до_pr плоскость_s	7	28.902003639652026
51	при_pr переход_s от_pr базис_s к_pr	7	26.022040898648438
52	ряд_s сходиться_v если_conj ряд_s расходиться_v	7	28.155723214724997
53	лежать_v бесконечный_a число_s элемент_s множество_s	7	28.65722031396386
54	содержать_v бесконечный_a число_s элемент_s множество_s	7	28.71692656008813
55	а_s а_s т_s о_s пусть_part	7	30.587437667709725
56	а_s а_s т_s о_s из_pr	7	29.392256965884307
57	отрезок_s о_pr а_s а_s т_s	7	30.139639926550487
58	а_s а_s т_s о_s рассмотреть_v	7	31.717317950256632
59	без_pr ограничение_s общность_s можно_adv считать_v	7	42.694232267156465
60	переход_s от_pr один_a базис_s к_pr	7	26.76124496501064
61	от_pr один_a базис_s к_pr другой_a	7	26.179348767337267
62	от_pr один_a ортонормированный_a базис_s к_pr	7	26.64647477776457
63	один_a ортонормированный_a базис_s к_pr другой_a	7	27.888898903923074
64	оператор_s действовать_partcp в_pr унитарный_a пространство_s	7	30.61589414748813
65	прил_s свойство_s поверхность_s второй_a порядок_s	7	29.873491318805222
66	точка_s лежать_v на_pr один_a прямая_s	6	28.514744303494584
67	привести_partcp система_s вычет_s по_pr модуль_s	6	33.58557765984508
68	на_pr тогда_adv только_part тогда_adv когда_conj	6	26.435779893298907
69	алгоритм_s евклид_s для_pr многочлен_s теорема_s	6	30.133005632696598
70	евклид_s для_pr многочлен_s теорема_s без_s	6	32.26228864964156
71	остаток_s от_pr деление_s многочлен_s на_pr	6	28.914513096343153
72	при_pr какой_a многочлен_s делиться_v на_pr	6	26.128548429461738
73	быть_v записать_partcp в виде_pr где_adv	6	30.155283633218932
74	λ_λ λ_λ λ_λ λ_λ λ_λ	6	39.76389338808905
75	решение_s система_s линейный_a уравнение_s с_pr	6	19.853127309200342
76	в знать_v в_pr чем_conj сущность_s	6	34.533935083417674
77	линейный_a алгебра_s аналитический_a геометрия_s лекция_s	6	27.139652771909255
78	из_pr отрезок_s лежать_v бесконечный_a число_s	6	28.64961637658338
79	отрезок_s лежать_v бесконечный_a число_s элемент_s	6	29.51144917423033
80	а_s а_s т_s о_s провести_v	6	34.079888029641346
81	определение_s пусть_part функция_s определить_partcp в_pr	6	23.201530286261985
82	функция_s называться_v непрерывный_a в_pr точка_s	6	20.867863841502864
83	если_conj функция_s дифференцировать_partcp в_pr точка_s	6	21.481914815904794
84	пусть_conj функция_s интегрировать_partcp на_pr отрезок_s	6	28.422664866666285
85	е_s исследовать_v на_pr сходимость_s ряд_s	6	30.135310498787742
86	операция_s сравнение_s сложение_s умножение_s на_pr	6	32.475590569965945
87	аналитический_a геометрия_s линейный_a алгебра_s при_pr	6	25.017899059017108
88	вектор_s аналитический_a геометрия_s линейный_a алгебра_s	6	25.086611809101125
89	ограничение_s общность_s можно_adv считать_v что_conj	6	37.22120304511845
90	аналитический_a геометрия_s линейный_a алгебра_s решение_s	6	25.424461899276658
91	при_pr переход_s от_pr один_a ортонормированный_a	6	27.87383551121928
92	уравнение_s аналитический_a геометрия_s линейный_a алгебра_s	6	24.155805251525546
93	аналитический_a геометрия_s линейный_a алгебра_s задача_s	6	25.533431151816295
94	с_pr центр_s в_pr начало_s координата_s	6	27.56871455298769
95	аналитический_a геометрия_s линейный_a алгебра_s тогда_adv	6	25.574292407541492
96	оператор_s аналитический_a геометрия_s линейный_a алгебра_s	6	25.923113076818243
97	матрица_s аналитический_a геометрия_s линейный_a алгебра_s	6	25.09084052255631
98	решение_s однородный_a система_s линейный_a уравнение_s	6	22.93527635055421
99	матрица_s переход_s от_pr базис_s к_pr	6	25.872589940851192
100	в_pr линейный_a зависимость_s в_pr линейный_a	6	19.69647808657782
101	линейный_a оператор_s в_pr матричный_a форма_s	6	25.734040517150454
102	базис_s в_pr который_a квадратичный_a функционал_s	6	24.386544154994624
103	в_pr который_a квадратичный_a функционал_s иметь_v	6	23.786101945239814
104	прил_s аналитический_a геометрия_s линейный_a алгебра_s	6	27.604204226229676
105	если_conj в_pr каждый_a базис_s иметь_v	6	20.694296086253125
106	в_pr каждый_a базис_s иметь_v место_s	6	23.98239058606461
107	каждый_a базис_s иметь_v место_s равенство_s	6	26.78469228039593
108	мочь_v быть_v найти_partcp по_pr формула_s	5	28.591640289311066
109	решить_v в_pr целый_a число_s уравнение_s	5	21.865573111802103
110	треугольник_s с_pr вершина_s в_pr точка_s	5	26.012358786494076
111	доказать_v что_conj число_s делиться_v на_pr	5	20.927666748604366
112	полный_a система_s вычет_s по_pr модуль_s	5	32.55861061224481
113	число_s делиться_v на_pr тогда_adv только_part	5	24.377868882645043
114	делиться_v на_pr тогда_adv только_part тогда_adv	5	25.999209232470424
115	тогда_adv только_part тогда_adv когда_conj число_s	5	25.95877462979409
116	рассмотреть_v остаток_s от_pr деление_s на_pr	5	29.385304577144993
117	если_conj если_conj если_conj если_conj если_conj	5	18.202295490046936
118	расстояние_s от_pr который_a до_pr данный_a	5	30.271538894960134
119	от_pr который_a до_pr данный_a точка_s	5	26.003233994145194
120	канонический_a уравнение_s который_a иметь_v вид_s	5	24.43555162588534
121	уравнение_s в_pr верный_a числовой_a равенство_s	5	26.15459546633482
122	уравнение_s разделить_v часть_s уравнение_s на_pr	5	24.395636260278692
123	знать_v в_pr чем_conj сущность_s метод_s	5	35.05216065070676
124	в_pr чем_conj сущность_s метод_s подстановка_s	5	34.305917242952546
125	уравнение_s в знать_v в_pr чем_conj	5	27.862247881672506
126	лекция_s система_s линейный_a уравнение_s их_a	5	24.047582814468388
127	система_s линейный_a уравнение_s их_a исследование_s	5	26.241062543889598
128	лекция_s фазовый_a траектория_s особый_a точка_s	5	39.35338375220001
129	линейный_a алгебра_s аналитический_a геометрия_s задача_s	5	25.2703967459825
130	наибольший_a наименьший_a значение_s функция_s на_pr	5	27.714707422360757
131	что_conj из_pr условие_s следовать_v что_conj	5	21.138703842108058
132	а_s а_s т_s о_pr доказать_v	5	28.45638582364033
133	если_conj функция_s непрерывный_a в_pr точка_s	5	19.861328405452916
134	если_conj функция_s непрерывный_a на_pr отрезок_s	5	23.013840400653905
135	на_pr отрезок_s о_pr а_s а_s	5	26.507903070874622
136	е_s вычислить_v предел_s е_s е_s	5	32.76643353605569
137	пусть_part функция_s непрерывный_a на_pr отрезок_s	5	24.30193490046539
138	формула_s тейлор_s с_pr остаточный_a член_s	5	35.457676937339976
139	тейлор_s с_pr остаточный_a член_s в_pr	5	32.32205239352118
140	с_pr остаточный_a член_s в_pr форма_s	5	29.607454612383428
141	свойство_s пусть_conj функция_s интегрировать_partcp на_pr	5	27.66797167995074
142	с_pr один_a сторона_s с_pr другой_a	5	26.520545273003165
143	сравнение_s сложение_s умножение_s на_pr число_s	5	28.706844838433938
144	соотношение_s аналитический_a геометрия_s линейный_a алгебра_s	5	27.217655283910528
145	аналитический_a геометрия_s линейный_a алгебра_s из_pr	5	24.39140015650964
146	число_s аналитический_a геометрия_s линейный_a алгебра_s	5	23.68991765188232
147	при_pr переход_s от_pr один_a базис_s	5	25.748729013618817
148	аналитический_a геометрия_s линейный_a алгебра_s для_pr	5	24.43159514021615
149	где_adv аналитический_a геометрия_s линейный_a алгебра_s	5	25.783326446022922
150	координата_s аналитический_a геометрия_s линейный_a алгебра_s	5	25.83630091088797
151	зависеть_v от_pr выбор_s система_s координата_s	5	31.132926987786785
152	аналитический_a геометрия_s линейный_a алгебра_s пример_s	5	26.428380816478278
153	частный_a решение_s система_s линейный_a уравнение_s	5	21.978754987221095
154	пространство_s аналитический_a геометрия_s линейный_a алгебра_s	5	25.562890752289956
155	тогда_adv говорить_v что_conj в_pr задать_partcp	5	24.552706486318982
156	зависимость_s в_pr линейный_a пространство_s теорема_s	5	22.742950105624956
157	теорема_s доказать_partcp глава_s линейный_a зависимость_s	5	29.417373163015995
158	доказать_partcp глава_s линейный_a зависимость_s в_pr	5	27.354557054829396
159	базис_s в_pr который_a функционал_s иметь_v	5	21.979524966064844
160	линейный_a оператор_s действовать_partcp в_pr унитарный_a	5	28.883777003623553
161	в_pr некоторый_a ортонормиро_s прил_s ванный_a	5	35.472923498520025
162	некоторый_a ортонормиро_s прил_s ванный_a система_s	5	37.37710480687056
163	ортонормиро_s прил_s ванный_a система_s координата_s	5	36.91198207615541
164	обладать_v осевой_a симметрия_s относительно_pr ось_s	5	42.718627534727084
165	определение_s поверхность_s задавать_partcp в_pr некоторый_a	5	28.870533926040686
166	ванный_a система_s координата_s уравнение_s вид_s	5	27.836657307626428
167	из_pr его_a канонический_a уравнение_s следовать_v	5	26.44429852846995
168	говорить_v что_conj на_pr множество_s задать_partcp	4	25.342638434538248
169	расширенный_a матрица_s система_s линейный_a уравнение_s	4	24.062496162725832
170	утверждение_s верно_adv для_pr весь_a натуральный_a	4	31.682009649793724
171	верно_adv для_pr весь_a натуральный_a число_s	4	27.501138014402777
172	быть_v представить_partcp в виде_pr где_adv	4	29.99916443130165
173	доказать_v что_conj найтись_v фигура_s площадь_s	4	32.14357837991074
174	что_conj найтись_v фигура_s площадь_s общий_a	4	33.66333375053803
175	найтись_v фигура_s площадь_s общий_a часть_s	4	36.6824064840049
176	число_s делиться_v на_pr доказать_v что_conj	4	20.605738653717005
177	доказать_v что_conj при_pr выполняться_v равенство_s	4	23.384605691568048
178	см также_adv доказать_v что_conj число_s	4	23.054347970361054
179	число_s такой_a что_conj доказать_v что_conj	4	18.76102477055793
180	остаток_s от_pr деление_s число_s на_pr	4	26.036832993257985
181	делиться_v на_pr доказать_v что_conj при_pr	4	21.670685655017998
182	на_pr найти_v остаток_s от_pr деление_s	4	28.478413981536477
183	на_pr фазовый_a плоскость_s множество_s точка_s	4	25.499575163377337
184	найти_v остаток_s от_pr деление_s многочлен_s	4	30.557160726229462
185	тогда_adv только_part тогда_adv когда_conj о	4	28.296181049718147
186	многочлен_s делиться_v на_pr доказать_v что_conj	4	22.898456256081012
187	найти_v наибольший_a наименьший_a значение_s функция_s	4	29.62038945808086
188	неравенство_s между_pr средний_a арифметический_a средний_a	4	36.4011736533024
189	неравенство_s между_pr среда_s о арифметический_a	4	37.53300171869021
190	между_pr среда_s о арифметический_a средний_a	4	40.15403347411889
191	среда_s о арифметический_a средний_a геометрический_a	4	40.54785448748804
192	лошадь_s с_pr номер_s от_pr до_pr	4	34.74191786843407
193	расстояние_s от_pr точка_s до_pr прямой_a	4	28.72746434157741
194	уравнение_s можно_adv записать_v в виде_pr	4	27.110004462332935
195	если_conj если_conj решение_s нет_adv если_conj	4	24.09988276777312
196	число_s школа_s в_pr математика_s арифметика_s	4	29.595823975092443
197	решение_s система_s линейный_a алгебраический_a уравнение_s	4	22.273498252782225
198	представить_v в виде_pr линейный_a комбинация_s	4	31.1015840721645
199	операция_s сложение_s умножение_s на_pr число_s	4	27.674423360741564
200	τ_τ τ_τ τ_τ τ_τ τ_τ	4	45.29089299405014
201	а_s а_s т_s о_s для_pr	4	28.62509702753321
202	найти_v собственный_a значение_s собственный_a вектор_s	4	26.86179096226062
203	линейный_a оператор_s зависеть_v от_pr выбор_s	4	30.183983213690567
204	оператор_s зависеть_v от_pr выбор_s базис_s	4	31.421305347850705
205	собственный_a значение_s собственный_a вектор_s оператор_s	4	26.390370993084257
206	обращать_v уравнение_s в_pr верный_a числовой_a	4	31.085648112617328
207	в качестве_pr пример_s решить_v система_s	4	29.898238121601555
208	если_conj хотя бы_adv один_a из_pr	4	29.27057731747375
209	если_conj часть_s неравенство_s умножить_v разделить_v	4	31.73549767272105
210	часть_s неравенство_s умножить_v разделить_v на_pr	4	31.340899823750824
211	неравенство_s умножить_v разделить_v на_pr один_a	4	30.048901934928505
212	качестве_pr пример_s решить_v уравнение_s сначала_adv	4	32.45187663202878
213	лекция_s решение_s система_s линейный_a уравнение_s	4	21.401946618248378
214	лекция_s метод_s вариация_s произвольный_a постоянный_a	4	37.486283441826835
215	замена_s переменный_a в_pr кратный_a интеграл_s	4	29.09537353494849
216	в_pr декартовый_a система_s координата_s уравнение_s	4	22.713818403105396
217	найтись_v хотя бы_adv один_a точка_s	4	33.1090475415422
218	о_pr другой_a метод_s интегральный_a исчисление_s	4	32.95964241283491
219	однородный_a дифференциальный_a уравнение_s го_s порядок_s	4	29.887148269053636
220	функция_s определить_partcp в_pr окрестность_s точка_s	4	24.225989107859608
221	джу_s определить_partcp непрерывный_a в_pr область_s	4	32.974925364774
222	пример_s исследовать_v на_pr сходимость_s ряд_s	4	28.992947004981673
223	из_pr нризнак_s сравнение_s согласно_pr неравенство_s	4	32.80986198449532
224	если_conj ряд_s сходиться_v если_conj ряд_s	4	22.930393510308992
225	вектор_s общий_a уравнение_s параметрический_a уравнение_s	4	26.079069817097356
226	достаточный_a условие_s исследование_s критический_a точка_s	4	36.4049304240826
227	высказывание_s называться_v высказывание_s обозначать_partcp читаться_v	4	40.74866604487322
228	в виде_pr бесконечный_a десятичный_a дробь_s	4	33.74470959844379
229	точка_s множество_s если_conj в_pr любой_a	4	19.17571159622117
230	точка_s называться_v предельный_a точка_s множество_s	4	24.90514059848339
231	называться_v предельный_a точка_s множество_s если_conj	4	24.856399625790708
232	точка_s о_pr а_s а_s т_s	4	27.220848952294805
233	следовать_v что_conj из_pr условие_s следовать_v	4	23.411243096708688
234	в_pr некоторый_a окрестность_s точка_s функция_s	4	22.535317165967335
235	называться_v непрерывный_a в_pr точка_s если_conj	4	20.08395474572638
236	определение_s функция_s называться_v непрерывный_a в_pr	4	21.225384230604792
237	а_s т_s о_pr пусть_part функция_s	4	26.422668682264995
238	а_s т_s о_s рассмотреть_v функция_s	4	28.872429231050408
239	вычислить_v предел_s е_s е_s и_s	4	34.668999385150066
240	е_s о_pr х_s о_pr о_s	4	33.8603577109086
241	о_pr х_s о_pr о_s т_s	4	33.92477443940437
242	функция_s иметь_v производная_s в_pr точка_s	4	20.93095990620914
243	остаточный_a член_s в_pr форма_s лагранж_s	4	33.460784963241416
244	функция_s иметь_v в_pr точка_s локальный_a	4	22.703549410106067
245	на_pr отрезок_s он интегрировать_partcp на_pr	4	25.598984803672863
246	функция_s интегрировать_partcp на_pr отрезок_s тогда_adv	4	26.09876182959387
247	расходиться_v о_pr а_s а_s т_s	4	31.590082761960524
248	криволинейный_a интеграл_s по_pr длина_s дуга_s	4	32.64375323375511
249	аналитический_a геометрия_s линейный_a алгебра_s глава_s	4	27.560542997433533
250	можно_adv прийти_v к_pr заключение_s что_conj	4	32.587624334539555
251	линейно_adv зависимый_a тогда_adv только_part тогда_adv	4	30.89960411678617
252	зависимый_a тогда_adv только_part тогда_adv когда_conj	4	31.043994026121347
253	форма_s аналитический_a геометрия_s линейный_a алгебра_s	4	26.503057502772776
254	такой_a что_conj аналитический_a геометрия_s линейный_a	4	23.177312825277273
255	аналитический_a геометрия_s линейный_a алгебра_s свойство_s	4	25.645076507645204
256	формула_s аналитический_a геометрия_s линейный_a алгебра_s	4	25.67650901548186
257	плоскость_s аналитический_a геометрия_s линейный_a алгебра_s	4	25.138922847764725
258	матрица_s переход_s от_pr один_a ортонормированный_a	4	27.361814474037327
259	базис_s аналитический_a геометрия_s линейный_a алгебра_s	4	25.231594474868402
260	иметь_v вид_s аналитический_a геометрия_s линейный_a	4	24.088148954833834
261	равный_a нуль_s одновременно_adv число_s такой_a	4	27.384298092582966
262	аналитический_a геометрия_s линейный_a алгебра_s следствие_s	4	27.68287854035759
263	определение_s линия_s уравнение_s который_a в_pr	4	21.03254399455953
264	по_pr теорема_s о_pr базисный_a минор_s	4	29.910554408599594
265	координатный_a представление_s элемент_s в_pr базис_s	4	25.422072669462526
266	однородный_a система_s линейный_a уравнение_s задавать_partcp	4	27.55444033541303
267	действие_s с_pr линейный_a оператор_s в_pr	4	22.93686843451105
268	матрица_s билинейный_a функционал_s зависеть_v от_pr	4	31.991501833643156
269	билинейный_a функционал_s зависеть_v от_pr выбор_s	4	36.23379381241731
270	функционал_s зависеть_v от_pr выбор_s базис_s	4	32.54729328523409
271	который_a квадратичный_a функционал_s иметь_v диагональный_a	4	28.877910256766118
272	соответственно_adv к_pr канонический_a диагональный_a вид_s	4	32.77774810217896
273	квадратичный_a функционал_s к_pr диагональный_a вид_s	4	29.705701813323408
274	центральный_a симметрия_s относительно_adv начало_s координата_s	4	42.45678656090603
275	теорема_s пусть_part быть_v точка_s принадлежать_partcp	4	25.874369073778038
276	аналитический_a геометрия_s линейный_a алгебра_s приложение_s	4	28.415594661522434
277	поверхность_s задавать_partcp в_pr некоторый_a ортонормиро_s	4	34.49891870705297
278	задавать_partcp в_pr некоторый_a ортонормиро_s прил_s	4	34.49891870705297
279	прил_s ванный_a система_s координата_s уравнение_s	4	29.242801730020815
280	система_s координата_s уравнение_s вид_s называться_v	4	21.539085925876257
281	поверхность_s поскольку_conj из_pr его_a канонический_a	4	29.92055161550871
282	поскольку_conj из_pr его_a канонический_a уравнение_s	4	26.47215264080458
283	его_a канонический_a уравнение_s следовать_v что_conj	4	25.497964151973907
284	тензор_s если_conj в_pr каждый_a базис_s	4	22.48139293610795
285	лекция_s основной_a общематематический_a понятие_s обозначение_s	3	40.65760576364921
286	если_conj любой_a элемент_s множество_s являться_v	3	22.704040247386597
287	подписать_partcp в_pr печать_s формат_s бумага_s	3	48.74333563767509
288	в_pr печать_s формат_s бумага_s офсетный_a	3	48.421407542787726
289	комплексный_a число_s комплексно_adv сопряженный_a число_s	3	31.621591586012126
290	метод_s математический_a индукция_s аксиома_s индукция_s	3	37.137836172084704
291	из_pr предположение_s что_conj утверждение_s верно_adv	3	31.355136410387725
292	предположение_s что_conj утверждение_s верно_adv для_pr	3	31.39533139409423
293	вытекать_v о справедливость_s для_pr утверждение_s	3	34.432155549352494
294	о справедливость_s для_pr утверждение_s верно_adv	3	33.97758968588701
295	справедливость_s для_pr утверждение_s верно_adv для_pr	3	32.05993265940942
296	для_pr утверждение_s верно_adv для_pr весь_a	3	28.073254037907255
297	мочь_v быть_v единственный_a образ_s представить_partcp	3	33.020871410248326
298	доказать_v что_conj при_pr любой_a натуральный_a	3	23.278113627423124
299	число_s можно_adv представить_v в виде_pr	3	27.579576610495003
300	из_pr он можно_adv выбрать_v такой_a	3	26.30535491516153
301	он можно_adv выбрать_v такой_a число_s	3	25.603872410534205
302	можно_adv выбрать_v такой_a число_s что_conj	3	23.96584086562292
303	принцип_s дирихля_s размещение_s перестановка_s сочетание_s	3	46.010670180942505
304	б_part доказать_v что_conj для_pr любой_a	3	21.979590776791643
305	разложение_s по_pr формула_s бином_s ньютон_s	3	35.640143133229266
306	во_pr весь_a зоопарк_s где_adv быть_v	3	32.74582905335669
307	сколько_adv существовать_v целый_a число_s от_pr	3	27.693157445491863
308	существовать_v целый_a число_s от_pr до_pr	3	26.445229932048278
309	целый_a число_s от_pr до_pr который_a	3	25.285170283732167
310	делиться_v ни_conj на_pr ни_part на_pr	3	31.312567707187974
311	фигура_s площадь_s общий_a часть_s кото_s	3	38.45179355586348
312	площадь_s общий_a часть_s кото_s рых_s	3	40.58929707961342
313	евклид_s основной_a теорема_s арифметика_s простой_a	3	34.34321134144726
314	основной_a теорема_s арифметика_s простой_a число_s	3	28.90858311381053
315	быть_v по крайней мере_adv один_a	3	37.87934906318813
316	число_s алгоритм_s евклид_s основной_a теорема_s	3	30.233678487776572
317	делиться_v на_pr доказать_v что_conj число_s	3	20.190701154438162
318	уравнение_s иметь_v решение_s в_pr целый_a	3	20.06806212442188
319	число_s в_pr фибоначчиева_s система_s счисление_s	3	29.772668390474546
320	доказать_v что_conj хотя_part бы_part один_a	3	32.274403281120634
321	доказать_v что_conj если_conj простой_s число_s	3	23.492189599016903
322	найти_v остаток_s от_pr деление_s на_pr	3	28.063376482257635
323	пусть_part простой_s число_s доказать_v что_conj	3	24.780284098828393
324	система_s вычет_s по_pr модуль_s соответственно_adv	3	32.29113030137982
325	что_conj доказать_v что_conj при_pr любой_a	3	19.41979424950031
326	натуральный_a число_s попарно_adv взаимно_adv простой_a	3	33.60747695740727
327	число_s дробь_s система_s счисление_s рациональный_a	3	29.08020539305629
328	дробь_s система_s счисление_s рациональный_a иррациональный_a	3	34.433913625309444
329	система_s счисление_s рациональный_a иррациональный_a число_s	3	31.253041989918504
330	за_pr взвешивание_s на_pr двухчашечный_a весы_s	3	42.6295934716259
331	взвешивание_s на_pr двухчашечный_a весы_s без_pr	3	43.87752098506949
332	на_pr двухчашечный_a весы_s без_pr гиря_s	3	43.555592890182126
333	двухчашечный_a весы_s без_pr гиря_s найти_v	3	45.78320302078959
334	весы_s без_pr гиря_s найти_v фальшивый_a	3	44.19824052006844
335	без_pr гиря_s найти_v фальшивый_a монета_s	3	43.297776193619356
336	давать_v остаток_s при_pr деление_s на_pr	3	29.76128944864519
337	теорема_s о_pr рациональный_a корень_s многочлен_s	3	28.056696136049457
338	доказать_v что_conj при_pr многочлен_s делиться_v	3	23.33439490043214
339	что_conj при_pr многочлен_s делиться_v на_pr	3	21.977447302311077
340	при_pr многочлен_s делиться_v на_pr доказать_v	3	23.471289535084523
341	квадратный_a корень_s из_pr комплексный_a число_s	3	24.44655714407445
342	прямой_a проходить_partcp через_pr начало_s координата_s	3	31.98358683475514
343	алгебра_s геометрия_s геометрия_s помогать_v алгебра_s	3	33.199413554663806
344	что_conj точка_s лежать_v на_pr один_a	3	22.100608770510135
345	уравнение_s система_s уравнение_s третий_a степень_s	3	24.18849624016992
346	изобразить_v на_pr фазовый_a плоскость_s множество_s	3	32.24036783565502
347	фазовый_a плоскость_s множество_s точка_s для_pr	3	25.6122442947613
348	плоскость_s множество_s точка_s для_pr который_a	3	20.708792783119552
349	доказать_v что_conj при_pr решение_s уравнение_s	3	18.80979107815617
350	хотя бы_adv один_a из_pr число_s	3	28.24697111155366
351	принимать_v целый_a значение_s в_pr точка_s	3	24.40709849515414
352	найти_v формула_s го_s член_s для_pr	3	28.586347689167734
353	мочь_v быть_v переписать_partcp в виде_pr	3	33.31081074941443
354	если_conj если_conj если_conj решение_s нет_adv	3	23.684845268494275
355	между_pr средний_a арифметический_a средний_a геометрический_a	3	37.81291657466881
356	арифметический_a средний_a геометрический_a воспользоваться_v неравенство_s	3	35.67251066014656
357	воспользоваться_v неравенство_s между_pr среда_s о	3	35.19419980523845
358	между_pr средний_a арифметич_s ские_s средний_a	3	44.67648340399232
359	касательная_s к_pr график_s функция_s в_pr	3	26.177605754867034
360	к_pr график_s функция_s в_pr точка_s	3	21.787310329673485
361	школа_s в_pr математика_s арифметика_s алгеб_sк_pr	3	38.73089192087026
362	в_pr математика_s арифметика_s алгеб_sк_pr журнал_s	3	38.91851892404603
363	система_s иметь_v бесконечный_a множество_s решение_s	3	24.75764678290209
364	достаточно_adv чтобы_conj ранг_s он основной_a	3	32.85364830801338
365	тогда_adv только_part тогда_adv когда_conj существовать_v	3	27.80613019602246
366	вектор_s на_pr косинус_s угол_s между_pr	3	29.235609607780255
367	площадь_s параллелограмм_s построить_partcp на_pr вектор_s	3	32.7176834280722
368	матрица_s линейный_a оператор_s в_pr базис_s	3	19.193318462871655
369	зависеть_v от_pr выбор_s базис_s доказательство_s	3	31.95200625478539
370	базис_s состоять_partcp из_pr собственный_a вектор_s	3	27.073815491429716
371	переход_s от_pr один_a система_s координата_s	3	25.306670982302467
372	уравнение_s прямой_a проходить_partcp через_pr точка_s	3	26.330482827891963
373	найти_v расстояние_s от_pr точка_s до_pr	3	28.350258915824302
374	называться_v множество_s точка_s на_pr плоскость_s	3	20.108894377235686
375	фокус_s провести_v ось_s через_pr фокус_s	3	38.15592450317133
376	начало_s координата_s взять_v в_pr середина_s	3	33.04786717079014
377	координата_s взять_v в_pr середина_s отрезок_s	3	31.44972928132125
378	курс_s аналитический_a геометрия_s линейный_a алгебра_s	3	28.157282665931046
379	математика_s для_pr экономист_s учебный_a пособие_s	3	40.75992945178366
380	допустимый_a значение_s выражение_s с_pr переменный_a	3	29.709610868047243
381	произведение_s сумма_s число_s на_pr их_a	3	23.048476119131536
382	число_s на_pr их_a неполный_a квадрат_s	3	29.66015190315711
383	что_s называться_v область_s допустимый_a значение_s	3	30.436196499595752
384	который_a обращать_v уравнение_s в_pr верный_a	3	27.971031435062386
385	если_conj множество_s их_a решение_s совпадать_v	3	26.649241818509967
386	из_pr левый_a часть_s в_pr правый_a	3	26.799736671069418
387	левый_a часть_s в_pr правый_a часть_s	3	29.194403122927607
388	часть_s уравнение_s на_pr м получить_v	3	23.156789130188123
389	линейный_a уравнение_s с_pr один_a неизвестное_s	3	24.92183216317481
390	на_pr м получить_v эквивалентный_a уравнение_s	3	24.786317183342724
391	система_s уравнение_s пусть_part например_adv дан_s	3	26.42200247593825
392	уравнение_s пусть_part например_adv дан_s система_s	3	26.42200247593825
393	метод_s решение_s система_s линейный_a уравнение_s	3	20.89635736126191
394	линейный_a уравнение_s с_pr неизвестный_a иметь_v	3	21.53284689707529
395	таким образом_adv м доказать_v что_conj	3	27.445359901686334
396	чем_conj сущность_s метод_s подстановка_s в_pr	3	33.56895164878634
397	сущность_s метод_s подстановка_s в_pr чем_conj	3	33.56895164878634
398	метод_s подстановка_s в_pr чем_conj сущность_s	3	33.56895164878634
399	сколько_adv корень_s иметь_v квадратный_a уравнение_s	3	26.925336059041314
400	корень_s иметь_v квадратный_a уравнение_s если_conj	3	22.398836819904748
401	иметь_v квадратный_a уравнение_s если_conj его_a	3	23.064682422684125
402	квадратный_a уравнение_s если_conj его_a дискриминант_s	3	28.936587660343314
403	неравенство_s тот_aсмысл_s пусть_part например_adv дать_partcp	3	34.07103355031462
404	тот_aсмысл_s пусть_part например_adv дать_partcp неравенство_s	3	34.07103355031462
405	если_conj где_adv во_pr множество_s положительный_a	3	27.241234153996675
406	где_adv во_pr множество_s положительный_a число_s	3	26.632665447355425
407	пример_s решить_v нелинейный_a уравнение_s по_pr	3	27.83935913408035
408	решить_v нелинейный_a уравнение_s по_pr определение_s	3	26.700688538641412
409	нелинейный_a уравнение_s по_pr определение_s модуль_s	3	26.932014084747866
410	тогда_adv данный_a уравнение_s принимать_v вид_s	3	25.54916119970729
411	уравнение_s в качестве_pr пример_s решить_v	3	28.6089775931135
412	метод_s приведение_s к_pr один_a основание_s	3	32.75869364919931
413	введение_s в_pr математический_a анализ_s лекция_s	3	32.34421741068389
414	замена_s переменная_s интегрирование_s по_pr часть_s	3	31.29043567708295
415	лекция_s дифференциальный_a уравнение_s порядок_s лекция_s	3	26.8973044014928
416	дифференциальный_a уравнение_s порядок_s лекция_s дифференциальный_a	3	27.29108278139984
417	уравнение_s порядок_s лекция_s дифференциальный_a уравнение_s	3	23.91345688110909
418	порядок_s с_pr постоянный_a коэффициент_s лекция_s	3	29.373042061846434
419	уравнение_s порядок_s с_pr постоянный_a коэффициент_s	3	26.389194541462725
420	лекция_s матрица_s действие_s над_pr он	3	32.23048201629108
421	леиций_s у_pr равнение_s плоскость_s прямой_a	3	32.51364571580181
422	уравнение_s плоскость_s прямой_a задача_s пусть_part	3	22.277164062559343
423	плоскость_s прямой_a задача_s пусть_part плоскость_s	3	23.845244159519673
424	прямой_a задача_s пусть_part плоскость_s задать_partcp	3	25.887450719640366
425	расстояние_s от_pr плоскость_s до_pr начало_s	3	31.38918515998254
426	от_pr плоскость_s до_pr начало_s координата_s	3	28.609953838839324
427	леиций_s непрерывность_s функция_s ее_a разрыв_s	3	35.13585587458192
428	он иметь_v производная_s в_pr точка_s	3	21.423514873163647
429	иметь_v в_pr точка_s локальный_a экстремум_s	3	25.650280270246373
430	непрерывный_a на_pr отрезок_s дифференцировать_partcp на_pr	3	25.887901506711348
431	на_pr отрезок_s дифференцировать_partcp на_pr интервал_s	3	27.76002668415919
432	замечание_s равить_v лоииталя_s можно_adv нрименять_v	3	47.14425375819551
433	задача_s свести_v неопределенность_s к_pr неопределенность_s	3	39.298032734265135
434	наити_s наибольший_a наименьший_a значение_s функция_s	3	31.92155899280143
435	леиций_s вынуклость_s точка_s нерегиб_s асимнтот_s	3	45.11010730095182
436	леиций_s о_pr другой_a метод_s интегральный_a	3	32.57289395798749
437	у_pr с_pr у_pr с_pr у_pr	3	22.19686989008877
438	задача_s свести_v дифференциальный_a уравнение_s порядок_s	3	29.15198717173418
439	на_pr лекция_s м познакомиться_v с_pr	3	29.871252258377613
440	линейный_a однородный_a дифференциальный_a уравнение_s го_s	3	27.78030923096566
441	решение_s метод_s вариация_s произвольный_a постоянный_a	3	35.35605506991539
442	метод_s вариация_s произвольный_a постоянный_a решение_s	3	35.35605506991539
443	решение_s при_pr специальный_a вид_s правый_a	3	29.984840602491726
444	при_pr специальный_a вид_s правый_a часть_s	3	31.60947971741669
445	записаться_v общий_a решение_s система_s если_conj	3	27.998027984034486
446	линейный_a осциллятор_s без_pr тре_s ния_s	3	43.289832911111766
447	предел_s функция_s в_pr точка_s если_conj	3	18.575024220296278
448	ряд_s пример_s исследовать_v на_pr сходимость_s	3	28.577909505702827
449	согласно_pr онределение_s предел_s носледовательность_s при_pr	3	38.72106933569495
450	сходиться_v тогда_adv из_pr нризнак_s сравнение_s	3	31.224622550292064
451	ряд_s расходиться_v тогда_adv из_pr нризнак_s	3	30.192290295831164
452	расходиться_v тогда_adv из_pr нризнак_s сравнение_s	3	32.7308079376291
453	леиций_s ряд_s дирихля_s знаконеременный_a ряд_s	3	37.29603416017081
454	тогда_adv из_pr нризнак_s сравнение_s согласно_pr	3	31.80590939286982
455	ряд_s из_pr модуль_s его_a слагаемое_s	3	29.35161107053653
456	функция_s с_pr нериод_s равный_a вопрос_s	3	28.969262131785673
457	корень_s петь_v степень_s мнимый_a единица_s	3	39.357913521011724
458	в_pr остальной_a случай_s см таблица_s	3	29.682386363649144
459	любой_a элемент_s множество_s являться_v элемент_s	3	23.65878684301962
460	элемент_s множество_s являться_v элемент_s множество_s	3	23.14362130925323
461	равный_a тогда_adv только_part тогда_adv когда_conj	3	26.986189574598484
462	те множество_s весь_a вещественный_a число_s	3	27.107911928027836
463	множество_s весь_a вещественный_a число_s удовлетворять_partcp	3	28.873446674390813
464	множество_s если_conj в_pr любой_a окрестность_s	3	22.551931836202996
465	если_conj в_pr любой_a окрестность_s точка_s	3	21.517117065607835
466	в_pr любой_a окрестность_s точка_s найтись_v	3	25.399760114969677
467	предельный_a точка_s множество_s если_conj в_pr	3	22.26218730432257
468	наименьший_a из_pr весь_a верхний_a грань_s	3	33.17541395185334
469	для_pr любой_a найтись_v такой_a что_conj	3	24.138171820500762
470	а_s а_s т_s о_s взять_v	3	32.079888029641346
471	следствие_s о_pr а_s а_s т_s	3	30.463390757044664
472	разделить_v отрезок_s пополам_adv рассмотреть_v его_a	3	36.660094708888806
473	отрезок_s пополам_adv рассмотреть_v его_a половинка_s	3	39.68984205228286
474	возможный_a случай_s в_pr каждый_a из_pr	3	24.56801785435314
475	случай_s в_pr каждый_a из_pr отрезок_s	3	21.983055353631986
476	в_pr каждый_a из_pr отрезок_s лежать_v	3	24.35480256992799
477	каждый_a из_pr отрезок_s лежать_v бесконечный_a	3	30.0131948528606
478	бесконечный_a число_s элемент_s множество_s в_pr	3	21.682108227146657
479	число_s элемент_s множество_s в_pr один_a	3	18.654972097209143
480	элемент_s множество_s в_pr один_a из_pr	3	19.356454601836468
481	множество_s в_pr один_a из_pr отрезок_s	3	20.561885031094196
482	в_pr один_a из_pr отрезок_s лежать_v	3	23.795375161313974
483	один_a из_pr отрезок_s лежать_v бесконечный_a	3	29.45376744424658
484	бесконечный_a число_s элемент_s множество_s первый_a	3	25.07063407076304
485	число_s элемент_s множество_s первый_a случай_s	3	22.79321423701519
486	левый_a отрезок_s обозначить_v о во_pr	3	33.785028173660095
487	отрезок_s обозначить_v о во_pr второй_a	3	31.320747155361406
488	обозначить_v о во_pr второй_a случай_s	3	31.10586878768226
489	о во_pr второй_a случай_s выбрать_v	3	31.48438041093599
490	во_pr второй_a случай_s выбрать_v тот_a	3	32.9048314064012
491	второй_a случай_s выбрать_v тот_a отрезок_s	3	31.38399924309976
492	случай_s выбрать_v тот_a отрезок_s который_a	3	30.477323830583725
493	выбрать_v тот_a отрезок_s который_a содержать_v	3	32.908777293004
494	тот_a отрезок_s который_a содержать_v бесконечный_a	3	32.51188714043542
495	отрезок_s который_a содержать_v бесконечный_a число_s	3	28.432101630158787
496	который_a содержать_v бесконечный_a число_s элемент_s	3	27.226671200901063
497	бесконечный_a число_s элемент_s множество_s его_a	3	25.755538009358105
498	число_s элемент_s множество_s его_a обозначить_v	3	25.773916538672957
499	элемент_s множество_s его_a обозначить_v таким	3	30.12762477092612
500	множество_s его_a обозначить_v таким образом_adv	3	32.918017700905004
501	его_a обозначить_v таким образом_adv м	3	33.893355646670734
502	обозначить_v таким образом_adv м получить_v	3	33.20089831364404
503	если_conj существовать_v число_s такой_a что_conj	3	19.890882459504184
504	из_pr условие_s следовать_v что_conj из_pr	3	21.026144529550532
505	условие_s следовать_v что_conj из_pr условие_s	3	22.776735387019343
506	означать_v что_conj свойство_s если_conj последовательность_s	3	24.82365103532595
507	что_conj свойство_s если_conj последовательность_s сходиться_v	3	23.700794287540415
508	свойство_s если_conj последовательность_s сходиться_v сходиться_v	3	27.14407616618438
509	если_conj последовательность_s сходиться_v сходиться_v последовательность_s	3	27.66220715842733
510	последовательность_s о_s а_s а_s т_s	3	30.26359998281373
511	найтись_v номер_s такой_a что_conj при_pr	3	27.067291200662904
512	теорема_s больцано_s вейерштрасса_s для_pr последовательность_s	3	34.48794878481192
513	поставить_partcp в_pr соответствие_s единственный_a элемент_s	3	31.22718466478981
514	определение_s предел_s функция_s по_pr гейне_s	3	27.84087978744521
515	из_pr определение_s предел_s по_pr коши_s	3	25.715987963124636
516	определение_s пусть_part функция_s определить_partcp на_pr	3	23.2426062292649
517	в_pr точка_s тогда_adv только_part тогда_adv	3	20.972228119353293
518	точка_s тогда_adv только_part тогда_adv когда_conj	3	25.87911871496181
519	существовать_v такой_a что_conj при_pr все_s	3	25.14247869705712
520	бесконечно_adv малый_a функция_s при_pr если_conj	3	26.28338898684782
521	если_conj бесконечно_adv малый_a функция_s при_pr	3	26.28338898684782
522	при_pr о_pr а_s а_s т_s	3	27.21344877498303
523	а_s а_s т_s о_s следовать_v	3	30.139925612427174
524	а_s т_s о_s следовать_v из_pr	3	27.996359018209297
525	теорема_s если_conj функция_s непрерывный_a в_pr	3	19.702764154807486
526	некоторый_a окрестность_s точка_s функция_s определить_partcp	3	27.24956268363346
527	окрестность_s точка_s функция_s определить_partcp в_pr	3	23.810951608580762
528	в_pr точка_s о_pr а_s а_s	3	22.618425481507426
529	функция_s непрерывный_a на_pr отрезок_s он	3	23.383413867776376
530	на_pr о о_pr а_s а_s	3	25.661526259987834
531	о о_pr а_s а_s т_s	3	28.807836288493455
532	о_pr к_pr з_s т_s о_pr	3	32.691218972990235
533	теорема_s если_conj функция_s непрерывный_a на_pr	3	20.743840097810402
534	те существовать_v такой_a что_conj для_pr	3	24.26424142366664
535	теорема_s пусть_part функция_s определить_partcp непрерывный_a	3	26.120141671563943
536	функция_s определить_partcp непрерывный_a на_pr возрастать_v	3	30.336806245705336
537	определить_partcp непрерывный_a на_pr возрастать_v если_conj	3	30.137859650650014
538	непрерывный_a на_pr возрастать_v если_conj убывать_v	3	32.970749664814754
539	на_pr возрастать_v если_conj убывать_v если_conj	3	30.123730525183635
540	быть_v бесконечно_adv малый_a функция_s при_pr	3	26.74110994799897
541	бесконечно_adv малый_a функция_s при_pr отсюда_adv	3	29.976998211819648
542	бесконечно_adv малый_a более_adv высокий_a порядок_s	3	38.11445378601283
543	малый_a более_adv высокий_a порядок_s чем_conj	3	38.51111275597682
544	функция_s называться_v дифференцировать_partcp в_pr точка_s	3	21.225415846120946
545	т_s о_s е_s о_pr х_s	3	34.12996477066588
546	о_s е_s о_pr х_s о_pr	3	33.44532021162976
547	функция_s теорема_s пусть_part функция_s определить_partcp	3	23.472069126988146
548	функция_s иметь_v в_pr точка_s производная_s	3	20.515922406930297
549	теорема_s пусть_part функция_s непрерывный_a на_pr	3	22.03193459762189
550	а_s т_s о_s провести_v для_pr	3	30.976516419129972
551	тогда_adv справедливый_a формула_s тейлор_s где_adv	3	30.66230431304382
552	остаточный_a член_s в_pr форма_s пеано_s	3	36.95263805957109
553	переменный_a определение_s пусть_part функция_s определить_partcp	3	26.192159763420925
554	что_conj функция_s иметь_v в_pr точка_s	3	16.40044518951036
555	экстремум_s если_conj точка_s являться_v точка_s	3	22.72521353127135
556	а_s а_s т_s о_s так	3	31.393996620069405
557	а_s т_s о_s так как_conj	3	30.98011189355736
558	о_pr к_pr з_s т_s о_s	3	34.01109923922875
559	отрезок_s он интегрировать_partcp на_pr отрезок_s	3	27.738722178254996
560	интеграл_s с_pr переменный_a верхний_a предел_s	3	29.152702056512233
561	существовать_v такой_a что_conj для_pr все_s	3	24.819209184089956
562	тогда_adv только_part тогда_adv когда_conj его_a	3	28.468133732507443
563	называться_v предел_s функция_s в_pr точка_s	3	19.318525250512426
564	а_s т_s о_s по_pr определение_s	3	27.44082137653333
565	в_pr некоторый_a окрестность_s точка_s если_conj	3	21.921333071633168
566	теорема_s пусть_part функция_s определить_partcp в_pr	3	21.83744873995968
567	найти_v частный_a производный_a по_pr от_pr	3	27.514667687586172
568	точка_s являться_v точка_s локальный_a экстремум_s	3	28.0817877689656
569	а_s а_s т_s о_pr записать_v	3	30.611144377488355
570	в_pr точка_s функция_s иметь_v локальный_a	3	22.28851191082722
571	е_s найти_v экстремум_s функция_s если_conj	3	25.745299178087397
572	ряд_s расходиться_v о_s а_s а_s	3	30.812331709448824
573	расходиться_v о_s а_s а_s т_s	3	32.494925528920184
574	если_conj при_pr некоторый_a ряд_s сходиться_v	3	23.90555322870541
575	сходиться_v если_conj ряд_s расходиться_v если_conj	3	25.86421243332451
576	если_conj ряд_s расходиться_v если_conj ряд_s	3	24.021541398367187
577	если_conj ряд_s мочь_v как_conj сходиться_v	3	25.364880004129056
578	ряд_s мочь_v как_conj сходиться_v так	3	28.681925877636672
579	мочь_v как_conj сходиться_v так расходиться_v	3	32.03078229993103
580	как_conj сходиться_v так расходиться_v о_pr	3	32.00180323295927
581	сходиться_v так расходиться_v о_pr а_s	3	32.41568795947131
582	так расходиться_v о_pr а_s а_s	3	31.740378956653903
583	е_s найти_v область_s сходимость_s ряд_s	3	29.20641614371522
584	относительно_pr ось_s координата_s момент_s инерция_s	3	38.70454863715651
585	функция_s непрерывный_a вместе_adv со_pr свой_a	3	35.1191599876181
586	направление_s от_pr точка_s к_pr точка_s	3	24.414247475239264
587	криволинейный_a интеграл_s зависеть_v от_pr путь_s	3	35.37488601568852
588	интеграл_s зависеть_v от_pr путь_s интегрирование_s	3	35.150012604848314
589	екатеринбург_s издво_s урал унт_s с_pr	3	48.9091141097648
590	по_pr аналитический_a геометрия_s линейный_a алгебра_s	3	24.17064792401709
591	соответствен аналитический_a геометрия_s линейный_a алгебра_s	3	29.503057502772773
592	сложение_s умножение_s на_pr вещественный_a число_s	3	28.4457989856936
593	рис_s аналитический_a геометрия_s линейный_a алгебра_s	3	27.979495546715764
594	доказательство_s доказать_v необходимость_s пусть_part вектор_s	3	28.216714152270203
595	лемма_s доказать_partcp аналитический_a геометрия_s линейный_a	3	28.72330991930847
596	вектор_s линейно_adv независимый_a тогда_adv только_part	3	28.85444175404675
597	линейно_adv независимый_a тогда_adv только_part тогда_adv	3	29.34212235248712
598	независимый_a тогда_adv только_part тогда_adv когда_conj	3	29.4865122618223
599	линейно_adv зависимый_a аналитический_a геометрия_s линейный_a	3	29.829312188360618
600	зависимый_a аналитический_a геометрия_s линейный_a алгебра_s	3	28.360099548930734
601	геометрия_s линейный_a алгебра_s из_pr который_a	3	22.2879240365599
602	ортогональный_a проекция_s вектор_s на_pr ось_s	3	28.017005130094823
603	дан_s система_s координата_s на_pr плоскость_s	3	25.093492596945875
604	прямой_a аналитический_a геометрия_s линейный_a алгебра_s	3	25.356700972468868
605	уравнение_s в_pr декартовый_a система_s координата_s	3	22.29878090382655
606	нуль_s одновременно_adv число_s такой_a что_conj	3	25.281956277352162
607	система_s координата_s аналитический_a геометрия_s линейный_a	3	23.71022857822884
608	в_pr пространство_s геометрический_a возможный_a векторный_a	3	29.00548173182632
609	пространство_s геометрический_a возможный_a векторный_a форма_s	3	32.96765476293603
610	геометрический_a возможный_a векторный_a форма_s пред_pr	3	37.77031798966891
611	возможный_a векторный_a форма_s пред_pr условие_s	3	36.18535548894775
612	векторный_a форма_s пред_pr условие_s ставление_s	3	38.38175270175126
613	ортогональность_s прямой_a существовать_v такой_a что_conj	3	28.361698994756207
614	прямой_a существовать_v такой_a что_conj плоскость_s	3	23.456995958385452
615	определение_s быть_v говорить_v что_conj линия_s	3	25.669665956611443
616	векторфункция_s в_pr координатный_a форма_s где_adv	3	28.950610694826814
617	в_pr координатный_a форма_s где_adv непрерывный_a	3	26.129111590448943
618	координатный_a форма_s где_adv непрерывный_a скалярный_a	3	30.94153750205397
619	форма_s где_adv непрерывный_a скалярный_a функция_s	3	27.899387076834977
620	на_pr для_pr любой_a точка_s лежать_partcp	3	23.951537562784452
621	для_pr любой_a точка_s лежать_partcp на_pr	3	23.951537562784452
622	система_s координата_s иметь_v вид_s где_adv	3	22.92569699818981
623	радиус_s с_pr центр_s в_pr начало_s	3	29.49131004930208
624	такой_a что_conj глава_s преобразование_s плоскость_s	3	26.04835441986506
625	следствие_s доказать_partcp аналитический_a геометрия_s линейный_a	3	28.32939571159538
626	геометрия_s линейный_a алгебра_s теорема_s если_conj	3	22.00645974935007
627	теорема_s доказать_partcp теорема_s при_pr аффинный_a	3	26.866773485327435
628	доказать_partcp теорема_s при_pr аффинный_a преобразование_s	3	29.017937558661085
629	аналитический_a геометрия_s линейный_a алгебра_s пусть_part	3	24.849615264168854
630	к_pr базис_s в_pr который_a матрица_s	3	19.613172297657265
631	доказать_partcp л_sв_pr система_s линейный_a уравнение_s	3	24.060766803458986
632	аналитический_a геометрия_s линейный_a алгебра_s который_a	3	24.37721356979458
633	существовать_v равный_a нуль_s одновременно_adv число_s	3	27.355151746923447
634	по_pr правило_s действие_s с_pr матрица_s	3	26.94852374577603
635	частный_a решение_s неодно_adv родной_a система_s	3	36.90142959356312
636	аналитический_a геометрия_s линейный_a алгебра_s заметить_v	3	27.473310159378723
637	геометрия_s линейный_a алгебра_s заметить_v что_conj	3	24.759614344535365
638	аналитический_a геометрия_s линейный_a алгебра_s найти_v	3	25.394533045994603
639	состоять_partcp из_pr один_a нулевой_a элемент_s	3	28.80410628198969
640	теорема_s доказать_partcp теорема_s для_pr каждый_a	3	23.52690200502314
641	теорема_s для_pr каждый_a элемент_s линейный_a	3	20.953051436127804
642	для_pr каждый_a элемент_s линейный_a пространство_s	3	21.590313513680737
643	максимальный_a число_s линейно_adv независимый_a элемент_s	3	30.462987442734853
644	операция_s с_pr элемент_s линейный_a пространство_s	3	23.043687779191842
645	элемент_s аналитический_a геометрия_s линейный_a алгебра_s	3	24.516267359990387
646	линейный_a пространство_s аналитический_a геометрия_s линейный_a	3	22.986024980325485
647	иметь_v место_s равенство_s аналитический_a геометрия_s	3	26.995508836062037
648	место_s равенство_s аналитический_a геометрия_s линейный_a	3	26.35862891165671
649	в_pr линейный_a пространство_s функция_s иметь_partcp	3	22.28233290677445
650	линейный_a пространство_s функция_s иметь_partcp на_pr	3	23.323408849777366
651	с_pr линейный_a оператор_s в_pr матричный_a	3	22.651891475796578
652	система_s линейный_a уравнение_s общий_a решение_s	3	20.890882231195757
653	замечание_s о_pr важность_s собственный_a вектор_s	3	35.632590227106924
654	собственный_a значение_s глава_s линейный_a зависимость_s	3	29.19091926090094
655	значение_s глава_s линейный_a зависимость_s в_pr	3	25.188748161859316
656	таким образом_adv м приходить_v к_pr	3	32.74310958065134
657	оператор_s отвечать_partcp различный_a собственный_a значение_s	3	32.25946442895413
658	м приходить_v к_pr заключение_s что_conj	3	30.603981095166766
659	определение_s пусть_part в_pr линейный_a пространство_s	3	19.591092937073277
660	пусть_part в_pr линейный_a пространство_s каждый_a	3	20.354878844193482
661	функционал_s иметь_v диагональный_a канонический_a вид_s	3	30.017286009232325
662	инвариант_s линия_s второй_a порядок_s на_pr	3	30.04583935469113
663	уравнение_s линия_s второй_a порядок_s на_pr	3	23.283549604165056
664	квадратичный_a функционал_s иметь_v диагональный_a вид_s	3	28.961790896640622
665	что_conj скалярный_a произведение_s быть_v билинейный_a	3	27.474795238148655
666	теорема_s доказать_partcp л_sв_pr евклидов_a пространство_s	3	29.697866953816682
667	действовать_partcp в_pr унитарный_a пространство_s называться_v	3	28.77541044390696
668	окончательно_adv аналитический_a геометрия_s линейный_a алгебра_s	3	29.23003900836636
669	свойство_s определение_s линия_s уравнение_s который_a	3	23.72169853126282
670	линия_s уравнение_s который_a в_pr некоторый_a	3	21.629219915844477
671	система_s координата_s иметь_v вид_s называться_v	3	22.18435794090661
672	задать_partcp канонический_a уравнение_s тогда_adv иметь_v	3	25.78562506912469
673	канонический_a уравнение_s тогда_adv иметь_v место_s	3	25.869148424686976
674	уравнение_s тогда_adv иметь_v место_s следующий_a	3	24.42263269393496
675	тогда_adv иметь_v место_s следующий_a соотношение_s	3	27.74751713215374
676	проходить_partcp через_pr точка_s иметь_v вид_s	3	26.910223078680218
677	через_pr точка_s иметь_v вид_s доказательство_s	3	24.245643409895692
678	точка_s иметь_v вид_s доказательство_s уравнение_s	3	21.384891020483934
679	иметь_v вид_s доказательство_s уравнение_s касательная_s	3	25.775186445677484
680	вид_s доказательство_s уравнение_s касательная_s в_pr	3	23.68491865222696
681	доказательство_s уравнение_s касательная_s в_pr точка_s	3	22.419048680329077
682	уравнение_s касательная_s в_pr точка_s иметь_v	3	20.76631196313205
683	касательная_s в_pr точка_s иметь_v вид_s	3	22.48663842055443
684	в_pr точка_s иметь_v вид_s для_pr	3	18.180710804360785
685	из_pr канонический_a уравнение_s получать_v то	3	27.17376121700413
686	канонический_a уравнение_s получать_v то есть_adv	3	30.20646722187244
687	уравнение_s получать_v то есть_adv тогда_adv	3	27.3651649678915
688	получать_v то есть_adv тогда_adv принимать_v	3	31.682669875744676
689	то есть_adv тогда_adv принимать_v во_pr	3	32.288390936632624
690	окончательно_adv получить_v наконец_adv непосредственно_adv проверять_v	3	44.60879596506047
691	получить_v наконец_adv непосредственно_adv проверять_v утверждение_s	3	42.512580649801166
692	наконец_adv непосредственно_adv проверять_v утверждение_s теорема_s	3	41.194424308803015
693	непосредственно_adv проверять_v утверждение_s теорема_s для_pr	3	36.52895430592222
694	проверять_v утверждение_s теорема_s для_pr точка_s	3	30.3731241343657
695	утверждение_s теорема_s для_pr точка_s где_adv	3	23.33146498272848
696	теорема_s для_pr точка_s где_adv уравнение_s	3	19.353446541146972
697	прил_s следовать_v возможность_s альтернативный_a формулировка_s	3	42.225673437422344
698	следовать_v возможность_s альтернативный_a формулировка_s свойство_s	3	40.85150821955902
699	быть_v геометрический_a место_s точка_s отношение_s	3	29.214852724848654
700	геометрический_a место_s точка_s отношение_s расстояние_s	3	33.07417763720512
701	место_s точка_s отношение_s расстояние_s от_pr	3	31.053268647442135
702	точка_s отношение_s расстояние_s от_pr который_a	3	28.58086695306786
703	отношение_s расстояние_s от_pr который_a до_pr	3	31.81069770606817
704	который_a до_pr данный_a точка_s фокус_s	3	28.992892049923736
705	до_pr данный_a точка_s фокус_s к_pr	3	29.16066666336785
706	данный_a точка_s фокус_s к_pr расстояние_s	3	30.199140811182485
707	точка_s фокус_s к_pr расстояние_s до_pr	3	31.227337703013138
708	фокус_s к_pr расстояние_s до_pr данный_a	3	33.42897156418279
709	к_pr расстояние_s до_pr данный_a прямой_a	3	30.089969955936485
710	расстояние_s до_pr данный_a прямой_a директриса_s	3	35.7261111805832
711	до_pr данный_a прямой_a директриса_s постоянно_adv	3	39.935564546212156
712	с_pr фокальный_a радиус_s точка_s касание_s	3	37.062438657170325
713	в_pr полярный_a система_s координата_s поместить_v	3	30.374731133256386
714	полярный_a система_s координата_s поместить_v полюс_s	3	38.8774725457288
715	система_s координата_s поместить_v полюс_s полярный_a	3	38.8774725457288
716	координата_s поместить_v полюс_s полярный_a система_s	3	38.8774725457288
717	поместить_v полюс_s полярный_a система_s координата_s	3	38.8774725457288
718	полюс_s полярный_a система_s координата_s в_pr	3	29.722654436676695
719	для_pr произвольный_a точка_s лежать_partcp на_pr	3	25.76037445214329
720	откуда_adv окончательно_adv сравнить_v формула_s с_pr	3	36.294973955237715
721	окончательно_adv сравнить_v формула_s с_pr выкладка_s	3	40.83929447146152
722	сравнить_v формула_s с_pr выкладка_s в_pr	3	33.73510243547939
723	второй_a порядок_s на_pr плоскость_s доказательство_s	3	23.972311183547852
724	ось_s плоскостной_a симметрия_s относительно_pr координатный_a	3	41.77040118445114
725	плоскостной_a симметрия_s относительно_pr координатный_a плоскость_s	3	39.96850895366416
726	неограниченный_a поверхность_s поскольку_conj из_pr его_a	3	31.534083268426635
727	получаться_v эллипс_s плоскость_s ортогональный_a ось_s	3	33.0507858748447
728	эллипс_s плоскость_s ортогональный_a ось_s или_part	3	34.63574837556585
729	экспоненциальный_a форма_s запись_s комплексный_a число_s	3	34.23728537269636
730	произведение_s вектор_s в_pr координата_s выражение_s	3	22.609221887243223
731	произведение_s вектор_s в_pr ортонормированный_a система_s	3	21.905310974719686
732	вектор_s в_pr ортонормированный_a система_s координата_s	3	21.678177520391998
733	основной_a общематематический_a понятие_s обозначение_s множество_s	2	38.578066998664
734	композиция_s функция_s взаимно_adv обратный_a функция_s	2	31.07921910821764
735	рациональный_a число_s в виде_pr десятичный_a	2	29.582216492367703
736	число_s в виде_pr десятичный_a дробь_s	2	27.91342240084308
737	множество_s состоять_partcp из_pr натуральный_a число_s	2	25.944042358610915
738	число_s множество_s весь_a целый_a число_s	2	21.125729898498406
739	весь_a рациональный_a число_s множество_s весь_a	2	24.501167004848597
740	состоять_partcp из_pr тот_a только_part тот_a	2	31.95294979131965
741	из_pr тот_a только_part тот_a элемент_s	2	27.738749152434192
742	тот_a только_part тот_a элемент_s множество_s	2	28.729391097735956
743	только_part тот_a элемент_s множество_s который_a	2	26.073867099537793
744	роббинс_s что_conj такой_a математика_s мцнмо_s	2	38.30391480827989
745	преобразование_s матрица_s система_s линейный_a уравнение_s	2	20.268499623523248
746	печать_s формат_s бумага_s офсетный_a печать_s	2	57.21365557245513
747	формат_s бумага_s офсетный_a печать_s офсетный_a	2	57.47668997828892
748	издательство_s московский_a центр_s непрерывный_a математический_a	2	43.52496890799646
749	московский_a центр_s непрерывный_a математический_a образование_s	2	42.74736132933291
750	москва_s большой_a власьевский_s переть тело_s	2	52.267236612659964
751	книга_s издательство_s мцнмо_s можно_adv приобрести_v	2	46.26359791282661
752	алгебра_s теория_s число_s для_pr математический_a	2	25.99218391407418
753	теория_s число_s для_pr математический_a школа_s	2	29.303516893722346
754	о также_adv быть_v полезный_a преподаватель_s	2	35.33899526181098
755	также_adv быть_v полезный_a преподаватель_s математика_s	2	37.18537207269777
756	быть_v полезный_a преподаватель_s математика_s студент_s	2	40.06989485527784
757	полезный_a преподаватель_s математика_s студент_s изучать_partcp	2	47.33131821120564
758	преподаватель_s математика_s студент_s изучать_partcp математика_s	2	44.701961591126036
759	высший_a учебный_a заведение_s значительный_a часть_s	2	46.322293771576675
760	учебный_a заведение_s значительный_a часть_s материал_s	2	47.71822244790782
761	заведение_s значительный_a часть_s материал_s мочь_v	2	43.98820961438338
762	значительный_a часть_s материал_s мочь_v быть_v	2	36.72678625845557
763	часть_s материал_s мочь_v быть_v использовать_partcp	2	33.68239213909712
764	материал_s мочь_v быть_v использовать_partcp для_pr	2	31.32792067094543
765	мочь_v быть_v использовать_partcp для_pr подготовка_s	2	32.11641656575173
766	быть_v использовать_partcp для_pr подготовка_s к_pr	2	31.003837297162015
767	использовать_partcp для_pr подготовка_s к_pr письменный_a	2	40.07261557514743
768	для_pr подготовка_s к_pr письменный_a устный_a	2	44.11700969450588
769	подготовка_s к_pr письменный_a устный_a вступительный_a	2	53.510400151949874
770	в_pr вуз_s основа_s сборник_s составлять_v	2	42.59440516370736
771	вуз_s основа_s сборник_s составлять_v задача_s	2	45.00198934313943
772	основа_s сборник_s составлять_v задача_s к_pr	2	37.78088561777155
773	сборник_s составлять_v задача_s к_pr курс_s	2	36.30957989884596
774	составлять_v задача_s к_pr курс_s алгебра_s	2	31.728157755830054
775	задача_s к_pr курс_s алгебра_s который_a	2	26.104814163381043
776	к_pr курс_s алгебра_s который_a в_pr	2	23.697229983948976
777	курс_s алгебра_s который_a в_pr год_s	2	27.26298188070429
778	алгебра_s который_a в_pr год_s читаться_v	2	29.023794216824868
779	в_pr школа_s интернат_s о н	2	38.13244262342706
780	с_pr повторение_s из_pr элемент_s число_s	2	24.042381005613088
781	без_pr повторение_s из_pr элемент_s число_s	2	28.317175124909355
782	если_conj известно_adv что_conj некоторый_a утверждение_s	2	26.4964180521159
783	известно_adv что_conj некоторый_a утверждение_s верно_adv	2	31.813463925623516
784	что_conj некоторый_a утверждение_s верно_adv для_pr	2	27.374269778566404
785	верно_adv для_pr из_pr предположение_s что_conj	2	27.33097976260946
786	для_pr из_pr предположение_s что_conj утверждение_s	2	25.586236817851532
787	натуральный_a число_s мочь_v быть_v единственный_a	2	26.04953585049767
788	число_s мочь_v быть_v единственный_a образ_s	2	26.00128068189045
789	запись_s число_s в_pr десятичный_a система_s	2	24.124011214436
790	число_s в_pr десятичный_a система_s счисление_s	2	24.96531346841694
791	то есть_adv для_pr некоторый_a натуральный_a	2	28.56073116858613
792	доказать_v что_conj число_s можно_adv представить_v	2	23.075294908805965
793	что_conj число_s можно_adv представить_v в	2	23.81926543637651
794	можно_adv представить_v в виде_pr сумма_s	2	29.23789835233335
795	из_pr число_s от_pr до_pr выбрать_partcp	2	26.623145307360122
796	диск_s с_pr го_s колышек_s на_pr	2	36.05840634954941
797	сколько_adv понадобиться_v перекладыв_s ний_s если_conj	2	45.664436256818476
798	на_pr сколько_adv часть_s делить_v плоскость_s	2	30.665150902378244
799	никакой_a проходить_v через_pr один_a точка_s	2	32.347323864865025
800	проходить_v через_pr один_a точка_s на_pr	2	25.42622677675823
801	один_a точка_s на_pr сколько_adv часть_s	2	24.744172368884804
802	на_pr сколько_adv часть_s делить_v пространство_s	2	30.767190712016113
803	сколько_adv часть_s делить_v пространство_s плоскость_s	2	32.324153145114856
804	доказать_v что_conj весь_a точка_s лежать_v	2	23.129369283272148
805	что_conj весь_a точка_s лежать_v на_pr	2	21.77242168515109
806	весь_a точка_s лежать_v на_pr один_a	2	23.49949652979565
807	доказать_v что_conj для_pr любой_a число_s	2	18.43448601279335
808	элемент_s независимо_adv от_pr выбор_s элемент_s	2	31.588639133339814
809	независимо_adv от_pr выбор_s элемент_s способ_s	2	34.432471322280165
810	от_pr выбор_s элемент_s способ_s выбор_s	2	32.58447441572521
811	выбор_s элемент_s способ_s выбор_s можно_adv	2	32.608018465656166
812	элемент_s способ_s выбор_s можно_adv сделать_v	2	32.58154625429498
813	способ_s выбор_s можно_adv сделать_v способ_s	2	35.42537844323532
814	на_pr шахматы_s ной_s доска_s так_adv	2	40.28399647084491
815	шахматы_s ной_s доска_s так_adv чтобы_conj	2	43.54688207619991
816	доказать_v что_conj из_pr он можно_adv	2	19.941779736306554
817	что_conj из_pr он можно_adv выбрать_v	2	23.599038630683765
818	выбрать_v такой_a число_s что_conj сумма_s	2	23.58449168447601
819	такой_a число_s что_conj сумма_s из_pr	2	19.057796838934035
820	число_s что_conj сумма_s из_pr он	2	18.574474600088713
821	что_conj сумма_s из_pr он равный_a	2	20.338855139059316
822	сумма_s из_pr он равный_a третий_a	2	25.03929485720041
823	лежать_v на_pr один_a прямая_s каждый_a	2	28.63605059971672
824	среди_pr данный_a точка_s можно_adv выбрать_v	2	29.949338378665594
825	данный_a точка_s можно_adv выбрать_v такой_a	2	26.820055361720634
826	точка_s можно_adv выбрать_v такой_a что_conj	2	24.038188044235692
827	можно_adv выбрать_v такой_a что_conj весь_a	2	25.441804847927074
828	выбрать_v такой_a что_conj весь_a сторона_s	2	27.59468736538039
829	такой_a что_conj весь_a сторона_s образованный_a	2	29.17964986610155
830	что_conj весь_a сторона_s образованный_a он	2	28.69632762725623
831	весь_a сторона_s образованный_a он треугольник_s	2	33.15440650782828
832	сторона_s образованный_a он треугольник_s быть_v	2	32.15976969259537
833	в_pr один_a цвет_s см также_adv	2	27.474073100301002
834	определение_s пусть_part множество_s из_pr элемен_s	2	29.862654537897296
835	считаться_v различный_a если_conj он отличаться_v	2	33.832541454179406
836	различный_a если_conj он отличаться_v друг_s	2	32.97839232064286
837	если_conj он отличаться_v друг_s от_pr	2	30.892874249456803
838	он отличаться_v друг_s от_pr друг_s	2	35.864784636915736
839	отличаться_v друг_s от_pr друг_s входить_partcp	2	41.036817301320035
840	друг_s от_pr друг_s входить_partcp в_pr	2	33.07464427021033
841	от_pr друг_s входить_partcp в_pr он	2	29.209272944040073
842	без_pr повторение_s с_pr повторение_s обозначить_v	2	38.842102381681514
843	повторение_s с_pr повторение_s обозначить_v ются_s	2	41.190025685101816
844	с_pr повторение_s обозначить_v ются_s соответственно_adv	2	39.41558538551695
845	элементный_a подмножество_s в_pr множество_s из_pr	2	31.586698781483133
846	подмножество_s в_pr множество_s из_pr элемент_s	2	23.01494613797959
847	что_conj для_pr любой_a натуральный_a найтись_v	2	25.29017491394581
848	для_pr любой_a натуральный_a найтись_v такой_a	2	27.411528697702416
849	что_conj весь_a число_s делиться_v на_pr	2	20.09574668095023
850	в_pr выпуклый_a угольник_s провести_partcp все_s	2	39.33355642332487
851	выпуклый_a угольник_s провести_partcp все_s диагональ_s	2	46.08627608880563
852	коэффициент_s мочь_v быть_v найти_partcp по_pr	2	28.051866562356167
853	ящик_s занумеровать_partcp число_s от_pr до_pr	2	35.966532939539036
854	занумеровать_partcp число_s от_pr до_pr способ_s	2	33.698044103613135
855	число_s от_pr до_pr способ_s можно_adv	2	26.18760958154174
856	от_pr до_pr способ_s можно_adv разложить_v	2	31.707967683204348
857	до_pr способ_s можно_adv разложить_v по_pr	2	30.909536676451015
858	способ_s можно_adv разложить_v по_pr ящик_s	2	33.6980325712573
859	можно_adv разложить_v по_pr ящик_s одинаковый_a	2	34.59306301165576
860	разложить_v по_pr ящик_s одинаковый_a шар_s	2	39.22902841581102
861	так_adv чтобы_conj ни_part один_a ящик_s	2	35.72000770342288
862	чтобы_conj ни_part один_a ящик_s оказаться_v	2	37.74237551645133
863	ни_part один_a ящик_s оказаться_v пустой_a	2	41.078658904315766
864	биномиальный_a коэффициент_s удобно_adv располагать_v в	2	43.07843490073782
865	коэффициент_s удобно_adv располагать_v в виде_pr	2	39.44371936481956
866	в_pr разложение_s по_pr формула_s бином_s	2	28.378409820260647
867	число_s мочь_v быть_v представить_partcp в	2	26.357946134857364
868	весь_a зоопарк_s где_adv быть_v гиппопотам_s	2	37.00635660357991
869	то есть_adv доказать_v что_conj при_pr	2	23.985093769701763
870	число_s от_pr до_pr который_a делиться_v	2	25.07130193470226
871	ни_conj на_pr ни_part на_pr делиться_v	2	30.727605206466812
872	в_pr прямоугольник_s площадь_s расположенный_a фигура_s	2	35.773210483174985
873	прямоугольник_s площадь_s расположенный_a фигура_s площий_a	2	46.7353835142847
874	площадь_s расположенный_a фигура_s площий_a ди_s	2	47.89584818647794
875	расположенный_a фигура_s площий_a ди_s каждый_a	2	45.76821490675207
876	фигура_s площий_a ди_s каждый_a доказать_v	2	41.63033017146844
877	площий_a ди_s каждый_a доказать_v что_conj	2	35.03177006734656
878	ди_s каждый_a доказать_v что_conj найтись_v	2	29.387913877571833
879	каждый_a доказать_v что_conj найтись_v фигура_s	2	29.015945100184876
880	общий_a часть_s кото_s рых_s мало_adv	2	41.56072792741665
881	найти_v весь_a простой_a число_s который_a	2	23.57743269622604
882	доказать_v что_conj остаток_s от_pr деление_s	2	26.47085681439769
883	доказать_v что_conj множество_s простой_a число_s	2	20.990782841583588
884	что_conj множество_s простой_a число_s вид_s	2	21.343044037023315
885	множество_s простой_a число_s вид_s бес_s	2	30.07910766489513
886	простой_a число_s вид_s бес_s конечно_adv	2	36.52205116074386
887	число_s вид_s бес_s конечно_adv см	2	36.31259779511491
888	вид_s бес_s конечно_adv см также_adv	2	39.277740739450415
889	бес_s конечно_adv см также_adv доказать_v	2	38.925479544010685
890	конечно_adv см также_adv доказать_v что_conj	2	30.189415916138874
891	евклид_s основной_a теорема_s арифметика_s доказать_v	2	31.516027445627724
892	число_s доказать_v что_conj для_pr любой_a	2	18.43448601279335
893	арифметический_a прогрессия_s с_pr разность_s доказать_v	2	32.99979324429256
894	прогрессия_s с_pr разность_s доказать_v что_conj	2	27.029264362783728
895	доказать_v что_conj если_conj число_s простой_a	2	19.90722709829575
896	что_conj если_conj число_s простой_a простой_a	2	22.14944849339412
897	простой_a простой_a число_s вид_s называться_v	2	24.739052951823446
898	простой_a число_s вид_s называться_v число_s	2	20.925913100932988
899	мочь_v ли_part быть_v так_adv что_conj	2	26.232833507262736
900	если_conj наибольший_a общий_a делитель_s число_s	2	27.34159097769238
901	наибольший_a общий_a делитель_s число_s равный_a	2	28.497402810021736
902	взаимно_adv простой_a доказать_v что_conj если_conj	2	24.85247048519355
903	доказать_v что_conj из_pr равенство_s следовать_v	2	20.83374122689743
904	что_conj из_pr равенство_s следовать_v соотношение_s	2	22.790560403133554
905	из_pr равенство_s следовать_v соотношение_s алгоритм_s	2	27.719269108947763
906	равенство_s следовать_v соотношение_s алгоритм_s евклид_s	2	32.452414831957164
907	доказать_v что_conj при_pr некоторый_a существовать_v	2	21.746292692180415
908	какой_a наибольший_a значение_s мочь_v принимать_v	2	31.08169349105093
909	б_part в_pr при_pr какой_a целый_a	2	23.79884049495955
910	натуральный_a для_pr который_a делиться_v на_pr	2	24.059078576260028
911	число_s взаимно_adv простой_a доказать_v что_conj	2	24.2439017785523
912	доказать_v что_conj для_pr простой_a число_s	2	20.04033587998833
913	пусть_part натуральный_a число_s доказать_v что_conj	2	21.317577348158235
914	евклид_s основной_a теорема_s арифметика_s пусть_part	2	31.841772196288378
915	целочисленный_a решение_s уравнение_s доказать_v что_conj	2	26.294949521911835
916	решение_s уравнение_s в_pr целый_a число_s	2	18.21993691558209
917	число_s шаг_s в_pr алгоритм_s евклид_s	2	29.263971783981457
918	на_pr доска_s написать_partcp натуральный_a число_s	2	32.86470878934267
919	уравнение_s иметь_v бы_part ровно_adv целый_a	2	31.179572350390732
920	иметь_v бы_part ровно_adv целый_a положительный_a	2	35.111787102359116
921	бы_part ровно_adv целый_a положительный_a решение_s	2	35.32013423580103
922	в_pr произведение_s простой_a число_s доказать_v	2	20.767993796637302
923	найти_v наименьший_a натуральный_a для_pr который_a	2	27.123189974584612
924	сумма_s собственный_a делитель_s число_s равный_a	2	26.132954789942524
925	представление_s число_s в_pr двоичный_a система_s	2	25.03570279630834
926	доказать_v что_conj число_s всегда_adv целое_s	2	27.477204974099195
927	число_s фибоначчи_s с_pr отрицательный_a номер_s	2	30.808811582147662
928	можно_adv представить_v в виде_pr где_adv	2	29.088022903914446
929	формула_s бина_s см также_adv доказать_v	2	32.42085915160713
930	бина_s см также_adv доказать_v что_conj	2	30.189415916138874
931	стоять_partcp в_pr левый_a часть_s равенство_s	2	29.842125229335068
932	выразить_v в_pr замкнутый_a форма_s через_pr	2	30.71435660643998
933	в_pr замкнутый_a форма_s через_pr см	2	29.089865741532183
934	замкнутый_a форма_s через_pr см также_adv	2	32.882113771199585
935	число_s б_part доказать_v что_conj число_s	2	18.445660804041182
936	целый_a число_s такой_a что_conj доказать_v	2	21.21910365112998
937	делиться_v на_pr являться_v високосный_a тогда_adv	2	30.11705279062391
938	на_pr являться_v високосный_a тогда_adv только_part	2	29.687659998367995
939	являться_v високосный_a тогда_adv только_part тогда_adv	2	31.09502949052235
940	високосный_a тогда_adv только_part тогда_adv когда_conj	2	32.96455955862694
941	тогда_adv только_part тогда_adv когда_conj кратный_a	2	30.157204636569336
942	бесконечный_a непрерывный_a дробь_s вид_s называться_v	2	28.580519929306565
943	доказать_v что_conj для_pr любой_a целый_a	2	21.96964111638404
944	что_conj для_pr любой_a целый_a число_s	2	20.398722660591954
945	верно_adv ли_part обратный_a утверждение_s доказать_v	2	33.817838166004854
946	ли_part обратный_a утверждение_s доказать_v что_conj	2	27.969299808874627
947	обратный_a утверждение_s доказать_v что_conj если_conj	2	24.143240287879156
948	доказать_v что_conj если_conj квадратный_a уравнение_s	2	19.618227195775507
949	что_conj если_conj квадратный_a уравнение_s с_pr	2	19.10022764440737
950	если_conj квадратный_a уравнение_s с_pr целый_a	2	22.558306524979415
951	квадратный_a уравнение_s с_pr целый_a коэфа_s	2	29.625374145478684
952	уравнение_s с_pr целый_a коэфа_s фициент_s	2	33.97972371805842
953	с_pr целый_a коэфа_s фициент_s иметь_v	2	35.04003323236762
954	целый_a коэфа_s фициент_s иметь_v корень_s	2	36.567593422043856
955	коэфа_s фициент_s иметь_v корень_s второй_a	2	35.36337524304766
956	фициент_s иметь_v корень_s второй_a корень_s	2	30.268218010007324
957	в_pr прямоугольный_a треугольник_s длина_s сторона_s	2	32.88997097917934
958	с_pr вершина_s в_pr точка_s в_pr	2	19.328170502684134
959	пусть_part простой_s число_s доказать_v что_s	2	27.67588449283066
960	число_s десятичный_a запись_s который_a состоять_v	2	30.456089611105618
961	делиться_v на_pr арифметика_s остаток_s доказать_v	2	29.107927312961685
962	на_pr арифметика_s остаток_s доказать_v что_conj	2	25.27875428069839
963	в_pr десятичный_a система_s счисление_s найти_v	2	27.406894456695433
964	в_pr каждый_a угол_s стопка_s сумма_s	2	30.64901264768871
965	каждый_a угол_s стопка_s сумма_s равный_a	2	33.24049827199119
966	число_s делиться_partcp на_pr доказать_v что_conj	2	22.927666748604366
967	делиться_v на_pr доказать_v что_conj если_conj	2	20.214307360358255
968	по_pr модуль_s если_conj их_a разность_s	2	28.050762204235255
969	модуль_s если_conj их_a разность_s делиться_v	2	30.739315593216215
970	если_conj их_a разность_s делиться_v на_pr	2	26.92674296188759
971	вид_s где_adv произвольный_a целое_s число_s	2	28.481745170100844
972	где_adv произвольный_a целое_s число_s доказать_v	2	28.12948397466112
973	совпадать_v тогда_adv только_part тогда_adv когда_conj	2	29.296181049718147
974	тогда_adv только_part тогда_adv когда_conj определение_s	2	26.236639104063745
975	называться_v система_s число_s взять_partcp по_pr	2	24.44950863246584
976	система_s число_s взять_partcp по_pr один_a	2	24.901589963271636
977	число_s взять_partcp по_pr один_a из_pr	2	24.52599624488032
978	взять_partcp по_pr один_a из_pr каждый_a	2	26.889574721157537
979	по_pr один_a из_pr каждый_a класс_s	2	25.304612220436386
980	система_s вычет_s по_pr модуль_s пусть_part	2	28.490130874362045
981	вычет_s по_pr модуль_s пусть_part число_s	2	27.4130546513434
982	по_pr модуль_s пусть_part число_s образовывать_v	2	26.413054651343405
983	образовывать_v полный_a система_s вычет_s по_pr	2	32.64476725599453
984	система_s вычет_s по_pr модуль_s для_pr	2	27.33514515624314
985	вычет_s по_pr модуль_s для_pr какой_a	2	29.486246283393793
986	по_pr модуль_s для_pr какой_a число_s	2	23.05161805575707
987	модуль_s для_pr какой_a число_s также_adv	2	24.7990651337916
988	для_pr какой_a число_s также_adv образовывать_v	2	26.207149872428676
989	доказать_v что_conj квадрат_s целый_a число_s	2	23.201545279745673
990	оканчиваться_v одинаковый_a цифра_s отличный_a от_pr	2	41.01655098164336
991	найти_v остаток_s от_pr деление_s число_s	2	27.264443123865455
992	целый_a число_s таков_a что_s доказать_v	2	29.72941388924746
993	число_s таков_a что_s доказать_v что_s	2	29.751897903398838
994	остаток_s от_pr деление_s на_pr число_s	2	25.036832993257985
995	доказать_v что_conj ни_part один_a из_pr	2	23.80429196394502
996	при_pr какой_a целый_a число_s делиться_v	2	25.572052572296236
997	какой_a целый_a число_s делиться_v на_pr	2	24.721076428666265
998	при_pr какой_a целый_a выражение_s делиться_v	2	28.932333458472883
999	какой_a целый_a выражение_s делиться_v на_pr	2	28.08135731484291
